chain,day,token,creator,created,n_touch_tx,zero_net_tx,n_trades,n_wallets,buy_volume,bundle_n,sniper_n,coord_max,wash_n,creator_bought,creator_net_q,creator_sold_all,traced,early10_linked,truncated
rh,20261006,0x02b3b36a388a613a041de8a33194f931c2d071ff,0xcf1c23471003adcba20f91f9e81c5c466edc436b,1791324374,,,4,2,0.002,2,2,0,0,0.0,0.0,False,False,,False
rh,20261006,0x0b6e0f4aa9ed0ab8c220448e3f106c560ddb0ed6,0x9db04c0dfa6b362e79c9f9c867ab9c9641ce3cc2,1791329998,,,33,7,0.021252,0,0,0,0,17112768.758,0.0,False,False,,False
rh,20261006,0x0eacab1b1ff952b71d17c6ac851c1c79d669cdd7,0xbf6cd027ee6f4bd233ba8aab70cb8fe487180fb3,1791326630,,,30,14,0.090285,0,0,7,0,370786516.854,1.016068,True,True,3,False
rh,20261006,0x10dd1f81f5d96f16f7bcc85a10ff2589843f0094,0xbdac290e5824bc96d8c14f5f16762866baa7ee87,1791331099,,,140,37,1.865042,0,1,13,0,370786516.854,1.978118,True,True,8,False
rh,20261006,0x18c9af35c8a0c01b07e396bae72e2ebee66906a5,0xa4b415792e8046a9ec9bbe4afb28610f27259ab7,1791329087,,,9,4,0.0,1,1,0,0,0.0,0.0,False,True,0,False
rh,20261006,0x195c42ffbef7e4f8fec18c208b5f32f0d652cf49,0x50ba557d1fdc846f48da5ae2b5d51a8ee05aa245,1791330011,,,4,3,0.001947,0,0,0,0,1066837.784,-0.001869,False,False,,False
rh,20261006,0x20eace2a77b49b3d56a1d217d0fbc1f261ac1f13,0xcf1c23471003adcba20f91f9e81c5c466edc436b,1791322337,,,4,2,0.002,1,2,0,0,0.0,0.0,False,False,,False
rh,20261006,0x22ed73ffbf2bfa7da39e54accccd410670636217,0xe054d44e98b3cdc2f1a91f074243239d92d742db,1791322072,,,2,1,0.00017,0,0,0,0,98035.448,-1e-05,True,False,,False
rh,20261006,0x281355ebbc4f706102b36e8198b667951522b00e,0xaf03452ec52817ab890235b1ce30bce31026ee38,1791320713,,,2,2,0.0,0,0,0,0,5799502.9,0.0,False,False,,False
rh,20261006,0x338d321c876b84883a97ee0a22692830bd0b1308,0x7e4015eb4ede266e591e766eb4eb4e2432bf9871,1791328243,,,10,6,0.005112,1,2,0,0,0.0,0.0,False,False,,False
rh,20261006,0x3880e922a061e97f738878489fd2e437ca618fc5,0xdf2237114d595e0bf4d35cbcdebcdf43c55c4669,1791328816,,,62,20,0.834778,0,0,0,0,140413102.474,0.0,False,False,,False
rh,20261006,0x38b39c015d83f444e2b769cdc383c19c20ca618e,0x42ceb66cb7d5485332f6c46810062f91496aa69f,1791328878,,,2,2,0.0,1,1,0,0,0.0,0.0,False,False,,False
rh,20261006,0x45dbdc7b0dd43a108634d5ea1cc70806436f2ff4,0xbfc837c1872bfb811ed48ee73e561fa5e35fbe8e,1791321836,,,193,43,2.12054,0,0,8,1,320388349.515,1.003964,True,True,2,False
rh,20261006,0x47922b78036d75085d1a5b358b4b698e42040294,0xc672f5d79364e179279659b25ac3c2f17a32f24d,1791325933,,,42,9,0.002229,0,0,0,0,52390388.789,0.0,False,False,,False
rh,20261006,0x5c992a010bc192f23f8b00434fdb96d0720fe739,0x7b444d22f099fd238210161791de26d16c3cedf2,1791321929,,,186,68,2.186679,0,0,0,0,341719091.931,0.0,False,False,,False
rh,20261006,0x6d5f4b78a8242f15d2b19ed6fa47616161f72ae9,0x3b99d00cb41aeed9be27287dae6a734daa63bf36,1791327294,,,28,13,0.01,0,0,0,0,174528301.887,0.361713,True,False,,False
rh,20261006,0x72c506816ec4fa2aadf677c61c541d0a7856442c,0xf16a1a6db69564440b3d9c49b6b8957d1c148995,1791325086,,,46,25,0.256378,0,0,9,0,320388349.515,0.803845,True,True,0,False
rh,20261006,0x764cbbaaf3ecc0e677eeeaada5e59b42731626da,0x329cdd5044eccae60657ce4a0c367a85db40dbcd,1791325352,,,7,4,0.05,0,0,0,0,22573888.76,0.040386,True,True,0,False
rh,20261006,0x7677891218da23a658742e4053b49c0491d8779c,0x0e1651aec67b2a049a4fa6aeb6c1c305aabfc35b,1791324728,,,6,4,0.058026,1,1,0,0,0.0,0.0,False,True,0,False
rh,20261006,0x7ca8a1d021eceeb74b3779bd4351fbf96e2dff80,0x399e6a559729e44d6ba33a1bf10da31ce2eb16f3,1791325197,,,33,10,0.001325,0,0,0,0,32491169.929,0.0,False,False,,False
rh,20261006,0x90e9d02cc8289a60d51d46d73fd91f8a1e66787b,0xca11bde05977b3631167028862be2a173976ca11,1791321040,,,13,7,0.179598,1,2,0,0,0.0,0.0,False,True,0,False
rh,20261006,0x92fbe37fde122c25adb7db3073910aec8c5240ad,0xdc504de9eee7a5079473a7b1291e2883ccb41142,1791323278,,,4,2,0.007,0,0,0,0,11299435.028,0.018577,True,True,1,False
rh,20261006,0x997bb5b405acf0e8b9305c09f5de9ce56d9b1903,0x5e8c92dfc3e422a0aeed833c5cd6c7674e7b87b2,1791331195,,,2,1,0.0,0,0,0,0,25817799.863,0.043094,True,False,,False
rh,20261006,0x9a204452a8706873cdbbf3963d8d872a613aefe8,0x97e99942a57ca11694e2a103ee40f4657e64eb11,1791323096,,,17,16,0.0033,0,0,0,0,0.0,0.0,False,False,,False
rh,20261006,0xac6221ce6a23a968de15e5b3a91e811b401b64e1,0x472af2db2efb594c3692712493b0585a99fa68de,1791331083,,,52,27,0.278394,0,0,12,0,55649241.147,0.138462,True,False,,False
rh,20261006,0xc2bafa6bea72000faba4fee27726a055f8409ef2,0xaef8c5e045cebc254ea3d66ac04bee4b3e2955d5,1791321019,,,1,1,0.001861,1,1,0,0,0.0,0.0,False,False,,False
rh,20261006,0xcd8191c7b49e6ef131f188b93307afd454f68853,0xe3158c4fce23f44cbf7940b1a0da2cbdeb7f0d93,1791322618,,,2,1,0.0,0,0,0,0,5740664.023,0.009409,True,True,0,False
rh,20261006,0xd6e512e0922a92b98df9a85421b353082afc0aba,0xefb1f89498a566d0d244467ec77cde9b753a393a,1791329263,,,28,5,0.020791,0,0,0,0,17112768.758,0.0,False,True,0,False
rh,20261006,0xda44a4baed274869c20bf97f92d61d1b73954390,0xe7195d02c116e8c6589edbfbe5dde097ef363cae,1791326176,,,5,3,0.0,0,0,0,0,22573888.76,0.038578,True,False,,False
rh,20261006,0xf0073a069c19297b236353e0a0b87a90dd02116f,0x5251c6170ad43848d92db3a11e3e38cc8990da7b,1791329099,,,5,3,0.000161,0,0,0,0,116653.057,-0.0001,False,True,0,False
rh,20261006,0xfac3b671fbf42240541c545771fee8bbc42db453,0xa39e5d5a34a06fa7d778f70d4ad794cd4939334a,1791326465,,,2,1,0.0,0,0,0,0,577047.776,0.000941,True,False,,False
rh,20261007,0x0522f092b405fc1720a655bec82f19e6bfd71d5d,0x40135716e0c4c5fd8a48cc38aaa2dc6a3a66f85a,1791352864,,,40,9,0.030268,0,0,0,0,14610741.916,0.0,False,True,0,False
rh,20261007,0x06c3baae014dda0e852a9cf368f9f28cb947d00a,0xdc37a46e5cee6ac4adad3fe6a73b696b7fc5c67d,1791344847,,,3,2,0.0026,1,1,0,0,0.0,0.0,False,False,,False
rh,20261007,0x07744055c49b30081a3038bf7773acb4f5167d69,0xc6ce0c8070eac724aaa43e8a0d1935fdb1e9cb9c,1791337195,,,1,1,0.0,1,1,0,0,0.0,0.0,False,False,,False
rh,20261007,0x0dbf0bf910852c4a3abfd33b33473f24c3fb52e0,0x258d3e2c364e32663fa4303f99dc960d3847b455,1791337908,,,45,7,0.018417,0,0,3,0,18891879.257,0.031868,True,False,,False
rh,20261007,0x0e20eac093d6872dfb378f8015ffb378fd7c442f,0x06af1fcdb2ac1d9ad2041f896b463dd7f9b19fe3,1791342553,,,14,4,0.127603,0,0,0,0,53442988.549,0.0,True,True,0,False
rh,20261007,0x0e5581c5162b5bfb377eaf70203c828d4c1418f9,0xcec5c4519df03b9775468037376fc0411ecce123,1791345728,,,2,1,0.0,1,1,0,0,0.0,0.0,False,True,0,False
rh,20261007,0x16214507ee41f045b3d95a7a9d3809fbcb3e1c59,0xf7370a55d91425ff201028045ecea58d0187a059,1791357324,,,4,2,0.0,0,0,0,0,7450032.79,0.0,False,False,,False
rh,20261007,0x184bb9888852ad8516f366b391639edca1cf1a6c,0x0e1651aec67b2a049a4fa6aeb6c1c305aabfc35b,1791331850,,,60,27,0.662203,5,5,0,0,0.0,0.0,False,False,,False
rh,20261007,0x1a1c31e97e917046c11c58aa3c728a3a65a4fc89,0xd4c4fc5ae5a793d2876458174fb757dde74006d0,1791348676,,,10,6,0.014,0,0,0,0,28199566.161,0.04803,True,False,,False
rh,20261007,0x1b2923672fc476b2e4e9fb7d877343616557a5a7,0x7969d904780018df2e05bfc17a245ede09470f92,1791340693,,,6,5,0.002802,1,1,0,0,0.0,0.0,False,False,,False
rh,20261007,0x1d2586813cdcf17dec56b19c1c09d0ced050c799,0xa06f9bef035017fa6ba14d963214a723e8515498,1791351330,,,139,74,1.681433,0,2,0,0,55000000.0,0.0,False,False,,True
rh,20261007,0x1d496e7134c8ee97eb5b1246adbb5c2a2789bdbb,0x1373e57d63ab8e0ef49cd1b00a310f4fc700dfac,1791362460,,,6,3,0.001975,0,0,0,0,19999999.999,0.033257,True,True,0,False
rh,20261007,0x209779fef50bc8188eaa2d4da011f6835a9bc2c9,0xb1bda29476dd63bf1b734a49dd76a2af359afb21,1791335783,,,4,2,0.0007,0,0,0,0,22573888.76,0.037636,True,False,,False
rh,20261007,0x2653b3ed6ff9adda6a56345f00c51d9051097fde,0x5e6c4d584c6ff8cefb3f6b077f7d5f31cf70e23b,1791346278,,,6,3,0.00023,0,0,0,0,57734.762,9.4e-05,True,False,,False
rh,20261007,0x2681d4c87a79b52da74606981fd3e5ca24faa8c1,0x937b4749be94eb85b8030aafbcb308878516012b,1791339989,,,2,1,0.0,0,0,0,0,22573888.76,0.037636,True,True,0,False
rh,20261007,0x280a59261014c007c94116e138ed8c16974eda0a,0x7af48f6614547ce5c1fe931cb98ae14ea1868e4d,1791345598,,,2,2,0.0,0,0,0,0,4933869.563,0.0,False,False,,False
rh,20261007,0x299f96858dbb33d706ad74fcc4de673dd63eab5e,0xe05075fd89960bc1cab4a1866fbc4033478ef0c4,1791360088,,,4,2,0.001275,0,0,0,0,16853932.584,0.027648,True,True,0,False
rh,20261007,0x2b0ba88ba6549154db48e6aad81ec685e7244ab1,0xe29d99f2e8b3e828ea823249588a090437c71d28,1791355786,,,9,4,0.004318,1,1,0,0,0.0,0.0,False,False,,False
rh,20261007,0x2fcdfb518361c0393d1c2c9b4293586166e2a62b,0x720cb0468e3dd8776e8c960bc023d61d4ed40d60,1791362538,,,5,3,5e-05,0,0,0,0,466448.99,0.000768,True,False,,False
rh,20261007,0x32c96b502cc9f351f142904b1322588e1de136e2,0xbd68490152836908cf5512677b546b9844907b69,1791350913,,,3,3,0.0,0,0,0,0,2849002.849,0.0,False,True,0,False
rh,20261007,0x33e711ff428c35fae34c369bdeca5af3e7211a7a,0xd54a2965f593bb9821a5fd01eea127b68d0f5bd7,1791345234,,,40,27,0.267305,0,0,0,0,337533088.178,0.0,False,False,,False
rh,20261007,0x388948a4a3bd53925b5c4e8d3f9a9a4ee15a6db0,0x99d2abb7173ace2602c8ce4212393c9ceff542ba,1791332709,,,2,1,0.0,0,0,0,0,30177798.741,0.0,True,False,,False
rh,20261007,0x3c7b315837d8732bf6378932ad218cdc4096e6d0,0x07467a65690205f5674b9c29d1624dd1823ed5e3,1791358447,,,808,162,1.070577,0,0,3,0,32242781.673,-0.198032,False,True,0,True
rh,20261007,0x3dfbc793cfc1fd6dede8b87cc7885656bdb29059,0xb6dce92da4de880bcdb7770a8b1d17ec3b12e027,1791358363,,,2,1,0.0,0,0,0,0,1153429.968,0.001882,True,False,,False
rh,20261007,0x48fdf883960b660c37aacb70fd1437d6c50ccf84,0xe898f0c371ebfdfe39b1b5167aced5bb5d4711f2,1791342944,,,5,4,0.0,0,0,0,0,4936674.995,0.0,False,False,,False
rh,20261007,0x4ed57623aaa144eb69fd813acc3ec1e3de4d0ce0,0x74d445be71f9930df84189c696043e5bb71ae90e,1791352280,,,8,4,0.0047,0,0,0,0,17112768.758,0.02864,True,False,,False
rh,20261007,0x5b6d6e042720247fa5b96a3a0eb1a73c32f4afdc,0x07cb991a32787ba681096a62e0964fa41b6009dc,1791338778,,,12,7,0.0056,1,1,0,0,0.0,0.0,False,False,,False
rh,20261007,0x5fe74083ed520ebe55a958f67c3fd051f4237d9e,0x0e1651aec67b2a049a4fa6aeb6c1c305aabfc35b,1791331860,,,76,23,0.485883,1,1,0,0,0.0,0.0,False,False,,False
rh,20261007,0x6045a356f62bbd7aa86659db182e902da14c9dc5,0xd54a2965f593bb9821a5fd01eea127b68d0f5bd7,1791345256,,,35,23,0.193,0,0,3,0,337513391.946,0.0,False,False,,False
rh,20261007,0x60b556c9d584b8fbc4401a13ad2a8a77fb926173,0x344c08ea757ff9b1a1c2b4f501d2352ea5ff4008,1791351075,,,2,1,0.0,0,0,0,0,28340080.972,0.04802,True,True,0,False
rh,20261007,0x63cd6da20ed7e40978bf28599f8ec0644da1a873,0x48d68d5097f27e28f6dc51c507aaaad9141b31b7,1791349036,,,71,15,0.004638,0,1,0,0,54586381.542,0.094102,True,False,,False
rh,20261007,0x68399716f526340519d5e9423d7faa2cc175097f,0xf3403ae9b5fa8aa5643e279552d26382df1b3a05,1791338449,,,11,5,0.000245,0,0,0,0,173184.288,0.000282,True,True,3,False
rh,20261007,0x6e8dc49d19e44fc83c4a177f41d5d21fc0796c0a,0x6e759568bb07fa75a0fd53990372e5f11b30dc3f,1791339198,,,5,4,0.013615,0,0,0,0,19808045.742,0.0,False,True,0,False
rh,20261007,0x6f9b1ae646f5578f9eb3ad74519162b61ea5da17,0x58172428d39d04d780d2de10bf63d3c8ec73c1f8,1791355234,,,9,4,0.004318,1,1,0,0,0.0,0.0,False,True,0,False
rh,20261007,0x72bfcf23b089403a1056fd9719c577966b941f57,0x96c6a0b10a459d80cd8ba8a640a415e5999fdddc,1791353448,,,1952,268,1.646414,0,0,3,0,6880896.645,0.0,False,True,0,True
rh,20261007,0x75a275ac364109bb28461caca25cabf952d703fe,0x3c2579389f98dea46dacff6f055cf0468b741a20,1791334200,,,2,1,0.0,0,0,0,0,577047.776,0.000941,True,False,,False
rh,20261007,0x7b8fc276a8e3cdaa282c23adaf3dbfa6d275c12b,0x6492db7e29bb3f7930be8274386f778a2b6eb22b,1791331679,,,2,1,0.0,0,0,0,0,218587.575,0.000364,True,False,,False
rh,20261007,0x84695933e14f30114d986e4fc46d500ed4a39d25,0x8ad3065d7540a1f92e28ad93ef483e7f8b8d2c9b,1791348853,,,4,2,0.000136,0,0,0,0,9999999.991,0.01663,True,False,,False
rh,20261007,0x84b95309c19edc75c504a16fb1ae4f93c669be9b,0xc7a3f67d7af9339555d9bbff3125fb87f1683c5f,1791358124,,,7,2,0.001849,1,1,0,0,0.0,0.0,False,False,,False
rh,20261007,0x8d04ffa37d5a8e3aa4b7166145d2b8b4b5b8c046,0x8df578ae1bc99847799dcf59bd2af933f89d802b,1791358657,,,4,2,0.001145,0,0,0,0,5740664.023,0.009409,True,False,,False
rh,20261007,0x8fff1050498671be43c891fc223421dacd571f58,0xd54a2965f593bb9821a5fd01eea127b68d0f5bd7,1791345219,,,35,23,0.193,0,0,3,0,337542917.953,0.0,False,False,,False
rh,20261007,0x942c7006be045908601486ba0c238a0b52aefd14,0xd404b04c1b00ce2689ff062adc3f1a181a58c79a,1791360323,,,8,4,0.001147,0,0,0,0,9999999.997,0.016567,True,False,,False
rh,20261007,0x9488be8ff7b297234f91cfa5a1d558be6a698321,0x8f4ce776575de4c113326507718f3dde9bac17d6,1791338920,,,14,9,0.039433,1,1,0,0,0.0,0.0,False,False,,False
rh,20261007,0x987ae0b2f7a529b41287f1ac8d0878f28dcd81ff,0xf8f06b6b52d690ded5e9e83e73e753c5335f4e77,1791352995,,,2,1,0.005,1,1,0,0,0.0,0.0,False,False,,False
rh,20261007,0x9cb032d8ade698b21501f6d3e5095d30c49af71a,0x0539edd0845894bfcfb3297894ddc6ec6c981343,1791336423,,,2,1,0.0,0,0,0,0,19808045.742,0.032931,True,False,,False
rh,20261007,0x9e7df6e9f9cf7df25bfdc0fa0503bb519b3b3475,0x9d6716dea8614448bd342f5c5c84a8def9079dc4,1791341418,,,16,12,0.13225,0,0,0,0,24100041.82,-0.038,False,False,,False
rh,20261007,0xab4e6f767affc1139894ddeffce9268e834cada5,0x8d75ba74e40f044387db2d5b7053f7f97967ef73,1791348816,,,4,3,0.0,0,0,0,0,9247027.741,0.015366,True,False,,False
rh,20261007,0xabba27bdb17a758002fec52d73ae2bb194b4c342,0xd54a2965f593bb9821a5fd01eea127b68d0f5bd7,1791345053,,,42,29,0.310548,0,0,0,0,337495589.358,0.0,False,True,0,False
rh,20261007,0xad42f542109da7502f143f322f3ac6295a8b93a4,0xb12529caa0fcf01207ccb40bb9a465e93678f0be,1791359698,,,4,3,0.0,0,0,0,0,7450032.79,0.012232,True,True,0,False
rh,20261007,0xb38c5b4ea287cb19e5abe271d6e2ef937b039119,0xdf2237114d595e0bf4d35cbcdebcdf43c55c4669,1791348029,,,24,15,0.00025,0,0,0,0,105947334.286,0.0,False,False,,False
rh,20261007,0xb522acfef8f197f25c0c9942bcd8011bba8f51fa,0x4d6edf7c398bf5b25aeaac95fa33e4b43fb56314,1791349849,,,31,15,0.419506,3,4,0,0,0.0,0.0,False,True,0,False
rh,20261007,0xb725fd6e869878e3424f2a2958f2bd838b795b11,0x6e4a86e33177062c51840d134b15a20dc31a954c,1791358151,,,2,1,0.0,0,0,0,0,55118110.236,0.09604,True,False,,False
rh,20261007,0xb819d3571859906661ce884ec4d620d05f9811c7,0x608cc21315a7434f912058b1732db55e520fc4a1,1791336026,,,3,1,0.001952,0,0,0,0,1090887.237,-0.001952,False,True,0,False
rh,20261007,0xba1312f286abbea2db9f14e41c192945bf08080d,0xc0ce6e05f45cc80bb5b5f3aec144bfcc6cbc357d,1791346847,,,20,5,0.000303,0,0,0,0,14243104.485,-0.00016,False,False,,False
rh,20261007,0xbc8e710aa02cba66640795a9c72415e61340e805,0xc345d204251acf4bb2c5fb65e3d8cfa686c36ce6,1791350132,,,6,2,0.00184,0,0,0,0,927001.953,-0.001751,False,False,,False
rh,20261007,0xc090da159a32026fd1140b936e9255d5afcfe9aa,0xf643ef3a0da766fd0904be07f5f7d7439e4644c6,1791333510,,,10,9,0.0002,1,1,0,0,0.0,0.0,False,False,,False
rh,20261007,0xc28088f2069945c0d2559617a24889a9fa659aac,0x3f50f64ec6f233fc5cdfa2ed03b2d5de2a2b0722,1791358969,,,2984,865,7.575397,11,11,4,0,0.0,0.0,False,True,0,True
rh,20261007,0xc4aa72206a6a917d7d8788a0cea9321d2c00aefb,0x57987d005c830b3429a59d7990e29a2c5153d393,1791336841,,,43,9,0.022229,0,0,3,0,22687609.075,0.0,False,False,,False
rh,20261007,0xcc5d05231bc4dbf4aaadcb69afaa79b7a495613a,0x4375acf40fba918d2a709b099c18a373e5c3cd01,1791356841,,,1,1,0.0,0,0,0,0,291581.622,0.0,False,False,,False
rh,20261007,0xccfdb7e27b0aead2e15c76ec09a6614df4645dc9,0x4043bc2cf2ad1293c8019e02844cc10c36c817db,1791333977,,,4,2,0.0,0,0,0,0,64796259.185,0.112908,True,False,,False
rh,20261007,0xcdee476823ecd228f3315eff9e68bf726a8d88a4,0x25c0f9f76061ad992624cfbb98ad9b0a8cd64a25,1791339313,,,2,1,0.0,0,0,0,0,16544719.756,0.027415,True,False,,False
rh,20261007,0xddc1bf884b1c82bdc2d660ee58a5bf825b09ca71,0x98a731666234f1de4d3f1529d193bafe672d75c0,1791334780,,,197,80,0.978786,0,0,7,0,10825158.525,0.018328,True,False,,False
rh,20261007,0xdedcec5d18088f7ceb1351e3d66f07b9d5640e75,0x5bc4134ab3e945da2d853663e8963b4a0cb38535,1791343837,,,7,2,0.0,0,0,0,0,28231607.114,0.0,False,True,0,False
rh,20261007,0xdfa3dbf1c84fbdd0c2729ab78addab67466560c4,0x189fba67d86dd6ee0827826e1625a5628aed067d,1791358327,,,16,9,0.064,0,0,0,0,9720069.084,0.016036,True,True,0,False
rh,20261007,0xe0ae8206d0513bb5bb35c0f272d820e20217cace,0x65619fb17ef424a7aebe7669da32087ec24da1f8,1791361239,,,2,1,0.001148,1,1,0,0,0.0,0.0,False,False,,False
rh,20261007,0xe36b2f7e00674beafdcdcee295286ebd21e665b3,0xabbf4458ff7ff3db272cc29f5cb7f201a8ed3a73,1791332768,,,2,1,0.0,0,0,0,0,64796259.185,0.112908,True,False,,False
rh,20261007,0xe69c69c2db5d0f48d0e1057a3648bc02fd23f1b7,0x196da7b62b807e76a00496ff0a4e7e3c30dde4cb,1791349045,,,19,15,0.21929,0,0,0,0,177682926.245,0.0,False,False,,False
rh,20261007,0xe72035d4864245cbb07ab796fdec089bc434289d,0x8dd310929b3fc7f00413d40087088e7f40cbaa90,1791331700,,,40,23,0.083393,8,8,4,0,0.0,0.0,False,True,0,False
rh,20261007,0xe74ce1e3df8a55c6f4bb4809dbf83dfd41b2ec8c,0x0ed698216cba458748f4be47c605d80c6b35e227,1791349203,,,15,14,6e-05,0,0,0,0,0.0,0.0,False,False,,False
rh,20261007,0xe9ffd5547c5a82c15b50e560f8ee7607009dd6f1,0xf7bd419711f0c12ae470d03149ad48c71e8d2ba8,1791341270,,,49,23,0.090975,0,0,3,0,13049362.197,0.021884,True,False,,False
rh,20261007,0xec866fa8b99e3171bc1334476782a45f50d334b3,0xbd930985e2489bf306e5cfc0b6fc088b75f0239c,1791359147,,,4,2,0.0,0,0,0,0,11153107.525,0.0,True,False,,False
rh,20261007,0xed3901c8752ec2ac625c43c4ab5bd450b27718aa,0x1af1f1e33db680f42f0361ff450b243048a43a03,1791355420,,,2,1,0.0,0,0,0,0,3372260.083,0.0,True,True,0,False
rh,20261007,0xeda13432d65c722a51a6fb57809502373d1054f7,0xc316518c9a015d3cc2db7e727e96d21273f6586a,1791335998,,,39,13,0.264,0,0,3,0,150940051.719,0.057032,True,False,,False
rh,20261007,0xee1e27d4ff267ab87fc793a195e4d3715d52cde7,0x196da7b62b807e76a00496ff0a4e7e3c30dde4cb,1791350804,,,15,12,0.090037,0,0,0,0,169202117.907,0.0,True,False,,False
rh,20261007,0xf178f8b6ac78dedf920aa65dcdadf3d302aac75c,0x6492db7e29bb3f7930be8274386f778a2b6eb22b,1791356656,,,2,1,0.0,0,0,0,0,11127776.549,0.018716,True,False,,False
rh,20261007,0xf34ed54a3c0339bc672f583259c0d58818dfbbf0,0x3e9aabc0d38fdd033f71814388f6b953391c9f56,1791354614,,,6,3,0.001847,0,0,0,0,28199566.161,0.047531,True,False,,False
rh,20261007,0xf85f53cbdedb104b5553aec501cba176c6ffcbad,0x7bf58b368472ddcc31b506627bb9b1b0dba33d9a,1791348385,,,26,15,0.065319,6,10,3,0,0.0,0.0,False,False,,False
rh,20261007,0xffbbf001e67294dad8b95ab25aefdb58898b886c,0x7b8d259f0c8a40c2ad6cd4117d62f29d727639b7,1791334803,,,2,1,0.0,1,1,0,0,0.0,0.0,False,False,,False
